{"cameraMode":{"drawMode":0,"name":"Shaded","section":"Shading Mode"},"sceneLighting":true,"audioPlay":false,"sceneViewState":{"showFog":true,"showMaterialUpdate":true,"showSkybox":true,"showFlares":true,"showImageEffects":true,"showParticleSystems":true},"in2DMode":false,"pivot":{"x":46.65668487548828,"y":-292.096435546875,"z":193.0525360107422},"rotation":{"x":-0.16588209569454194,"y":0.7999048829078674,"z":-0.2569405734539032,"w":-0.5163869261741638},"size":292.0599365234375,"orthographic":false}