{"cameraMode":{"drawMode":0,"name":"Shaded","section":"Shading Mode"},"sceneLighting":true,"audioPlay":false,"sceneViewState":{"showFog":true,"showMaterialUpdate":true,"showSkybox":true,"showFlares":true,"showImageEffects":true,"showParticleSystems":true},"in2DMode":false,"pivot":{"x":522.207275390625,"y":-92.30817413330078,"z":553.9166259765625},"rotation":{"x":0.26932820677757265,"y":-0.7097062468528748,"z":0.3470494747161865,"w":0.5507804155349731},"size":339.2683410644531,"orthographic":false}